{
  "AES-128-GCM": [
    {
      "ad_size": 8,
      "pt_size": 16,
      "enc_time_us": 592.45163,
      "mcu_energy": {
        "ATmega328P (8-bit, 16MHz)": {
          "enc_energy_uj": 3.5191626822,
          "dec_energy_uj": 3.4595290323,
          "enc_energy_nj_per_byte": 219.94766763750002
        },
        "Cortex-M3 (32-bit, 84MHz)": {
          "enc_energy_uj": 19.906374768000003,
          "dec_energy_uj": 19.569053112000002,
          "enc_energy_nj_per_byte": 1244.148423
        },
        "Cortex-M4 (32-bit, 64MHz)": {
          "enc_energy_uj": 15.166761728,
          "dec_energy_uj": 14.909754752000001,
          "enc_energy_nj_per_byte": 947.9226080000001
        },
        "ESP32 (32-bit, 240MHz)": {
          "enc_energy_uj": 132.70916512000002,
          "dec_energy_uj": 130.46035408,
          "enc_energy_nj_per_byte": 8294.322820000001
        }
      }
    },
    {
      "ad_size": 8,
      "pt_size": 32,
      "enc_time_us": 779.961195,
      "mcu_energy": {
        "ATmega328P (8-bit, 16MHz)": {
          "enc_energy_uj": 4.6329694983,
          "dec_energy_uj": 4.6939262238,
          "enc_energy_nj_per_byte": 144.780296821875
        },
        "Cortex-M3 (32-bit, 84MHz)": {
          "enc_energy_uj": 26.206696152,
          "dec_energy_uj": 26.551501872,
          "enc_energy_nj_per_byte": 818.95925475
        },
        "Cortex-M4 (32-bit, 64MHz)": {
          "enc_energy_uj": 19.967006592,
          "dec_energy_uj": 20.229715712,
          "enc_energy_nj_per_byte": 623.968956
        },
        "ESP32 (32-bit, 240MHz)": {
          "enc_energy_uj": 174.71130768,
          "dec_energy_uj": 177.01001247999997,
          "enc_energy_nj_per_byte": 5459.728365
        }
      }
    },
    {
      "ad_size": 8,
      "pt_size": 64,
      "enc_time_us": 1163.86143,
      "mcu_energy": {
        "ATmega328P (8-bit, 16MHz)": {
          "enc_energy_uj": 6.9133368941999995,
          "dec_energy_uj": 6.892873564500001,
          "enc_energy_nj_per_byte": 108.020888971875
        },
        "Cortex-M3 (32-bit, 84MHz)": {
          "enc_energy_uj": 39.105744048,
          "dec_energy_uj": 38.989991880000005,
          "enc_energy_nj_per_byte": 611.02725075
        },
        "Cortex-M4 (32-bit, 64MHz)": {
          "enc_energy_uj": 29.794852608,
          "dec_energy_uj": 29.706660480000007,
          "enc_energy_nj_per_byte": 465.544572
        },
        "ESP32 (32-bit, 240MHz)": {
          "enc_energy_uj": 260.70496032,
          "dec_energy_uj": 259.9332792,
          "enc_energy_nj_per_byte": 4073.5150049999997
        }
      }
    },
    {
      "ad_size": 8,
      "pt_size": 128,
      "enc_time_us": 1941.13047,
      "mcu_energy": {
        "ATmega328P (8-bit, 16MHz)": {
          "enc_energy_uj": 11.530314991800001,
          "dec_energy_uj": 11.4500924109,
          "enc_energy_nj_per_byte": 90.08058587343751
        },
        "Cortex-M3 (32-bit, 84MHz)": {
          "enc_energy_uj": 65.221983792,
          "dec_energy_uj": 64.768199496,
          "enc_energy_nj_per_byte": 509.54674837500005
        },
        "Cortex-M4 (32-bit, 64MHz)": {
          "enc_energy_uj": 49.692940032,
          "dec_energy_uj": 49.347199616,
          "enc_energy_nj_per_byte": 388.22609400000005
        },
        "ESP32 (32-bit, 240MHz)": {
          "enc_energy_uj": 434.81322528000004,
          "dec_energy_uj": 431.78799663999996,
          "enc_energy_nj_per_byte": 3396.9783225
        }
      }
    },
    {
      "ad_size": 8,
      "pt_size": 256,
      "enc_time_us": 3515.919265,
      "mcu_energy": {
        "ATmega328P (8-bit, 16MHz)": {
          "enc_energy_uj": 20.8845604341,
          "dec_energy_uj": 20.839719671100003,
          "enc_energy_nj_per_byte": 81.58031419570312
        },
        "Cortex-M3 (32-bit, 84MHz)": {
          "enc_energy_uj": 118.134887304,
          "dec_energy_uj": 117.881242584,
          "enc_energy_nj_per_byte": 461.46440353125
        },
        "Cortex-M4 (32-bit, 64MHz)": {
          "enc_energy_uj": 90.007533184,
          "dec_energy_uj": 89.814280064,
          "enc_energy_nj_per_byte": 351.5919265
        },
        "ESP32 (32-bit, 240MHz)": {
          "enc_energy_uj": 787.56591536,
          "dec_energy_uj": 785.87495056,
          "enc_energy_nj_per_byte": 3076.429356875
        }
      }
    },
    {
      "ad_size": 8,
      "pt_size": 512,
      "enc_time_us": 6622.54295,
      "mcu_energy": {
        "ATmega328P (8-bit, 16MHz)": {
          "enc_energy_uj": 39.337905123000006,
          "dec_energy_uj": 39.2689843425,
          "enc_energy_nj_per_byte": 76.83184594335938
        },
        "Cortex-M3 (32-bit, 84MHz)": {
          "enc_energy_uj": 222.51744312000002,
          "dec_energy_uj": 222.1275882,
          "enc_energy_nj_per_byte": 434.60438109375
        },
        "Cortex-M4 (32-bit, 64MHz)": {
          "enc_energy_uj": 169.53709952000003,
          "dec_energy_uj": 169.24006720000003,
          "enc_energy_nj_per_byte": 331.12714750000004
        },
        "ESP32 (32-bit, 240MHz)": {
          "enc_energy_uj": 1483.4496207999998,
          "dec_energy_uj": 1480.850588,
          "enc_energy_nj_per_byte": 2897.362540625
        }
      }
    }
  ],
  "ASCON-128": [
    {
      "ad_size": 8,
      "pt_size": 16,
      "enc_time_us": 97.766175,
      "mcu_energy": {
        "ATmega328P (8-bit, 16MHz)": {
          "enc_energy_uj": 0.5807310795,
          "dec_energy_uj": 0.5558263227,
          "enc_energy_nj_per_byte": 36.295692468750005
        },
        "Cortex-M3 (32-bit, 84MHz)": {
          "enc_energy_uj": 3.2849434800000004,
          "dec_energy_uj": 3.144068088,
          "enc_energy_nj_per_byte": 205.30896750000002
        },
        "Cortex-M4 (32-bit, 64MHz)": {
          "enc_energy_uj": 2.5028140800000003,
          "dec_energy_uj": 2.395480448,
          "enc_energy_nj_per_byte": 156.42588
        },
        "ESP32 (32-bit, 240MHz)": {
          "enc_energy_uj": 21.8996232,
          "dec_energy_uj": 20.96045392,
          "enc_energy_nj_per_byte": 1368.72645
        }
      }
    },
    {
      "ad_size": 8,
      "pt_size": 32,
      "enc_time_us": 119.2267,
      "mcu_energy": {
        "ATmega328P (8-bit, 16MHz)": {
          "enc_energy_uj": 0.708206598,
          "dec_energy_uj": 0.7203301677,
          "enc_energy_nj_per_byte": 22.1314561875
        },
        "Cortex-M3 (32-bit, 84MHz)": {
          "enc_energy_uj": 4.00601712,
          "dec_energy_uj": 4.074594888000001,
          "enc_energy_nj_per_byte": 125.188035
        },
        "Cortex-M4 (32-bit, 64MHz)": {
          "enc_energy_uj": 3.05220352,
          "dec_energy_uj": 3.1044532480000004,
          "enc_energy_nj_per_byte": 95.38136
        },
        "ESP32 (32-bit, 240MHz)": {
          "enc_energy_uj": 26.7067808,
          "dec_energy_uj": 27.163965920000003,
          "enc_energy_nj_per_byte": 834.5869
        }
      }
    },
    {
      "ad_size": 8,
      "pt_size": 64,
      "enc_time_us": 167.03414,
      "mcu_energy": {
        "ATmega328P (8-bit, 16MHz)": {
          "enc_energy_uj": 0.9921827916000001,
          "dec_energy_uj": 0.9604007622,
          "enc_energy_nj_per_byte": 15.502856118750001
        },
        "Cortex-M3 (32-bit, 84MHz)": {
          "enc_energy_uj": 5.612347104,
          "dec_energy_uj": 5.432569968,
          "enc_energy_nj_per_byte": 87.6929235
        },
        "Cortex-M4 (32-bit, 64MHz)": {
          "enc_energy_uj": 4.276073984000001,
          "dec_energy_uj": 4.1391009279999995,
          "enc_energy_nj_per_byte": 66.81365600000001
        },
        "ESP32 (32-bit, 240MHz)": {
          "enc_energy_uj": 37.41564736,
          "dec_energy_uj": 36.21713312,
          "enc_energy_nj_per_byte": 584.61949
        }
      }
    },
    {
      "ad_size": 8,
      "pt_size": 128,
      "enc_time_us": 255.29381,
      "mcu_energy": {
        "ATmega328P (8-bit, 16MHz)": {
          "enc_energy_uj": 1.5164452314000003,